[
    {
        "uuid": "62b9e6f9-5d3f-4a6f-9c77-12d588d07d3f",
        "username": "justen97",
        "avatar": "https://cloudflare-ipfs.com/ipfs/Qmd3W5DuhgHirLHGVixi6V76LhCkZUz6pnFt5AJBiyvHye/avatar/451.jpg",
        "password": "1w1bGGNnGcY4rm7",
        "registeredAt": "2022-09-27T22:16:59.450Z"
    },
    {
        "uuid": "1",
        "username": "justen97",
        "avatar": "https://cloudflare-ipfs.com/ipfs/Qmd3W5DuhgHirLHGVixi6V76LhCkZUz6pnFt5AJBiyvHye/avatar/451.jpg",
        "password": "1",
        "registeredAt": "2022-09-27T22:16:59.450Z"
    },
    {
        "uuid": "9b96b2c1-8656-4c72-a8a9-b02f8289fb79",
        "username": "kylie61",
        "avatar": "https://cloudflare-ipfs.com/ipfs/Qmd3W5DuhgHirLHGVixi6V76LhCkZUz6pnFt5AJBiyvHye/avatar/220.jpg",
        "password": "DxZzsDvnvEgq3oP",
        "registeredAt": "2022-07-04T07:54:34.312Z"
    },
    {
        "uuid": "7cc92a9f-b9aa-4e56-8216-b61be8e62ce1",
        "username": "kira38",
        "avatar": "https://cloudflare-ipfs.com/ipfs/Qmd3W5DuhgHirLHGVixi6V76LhCkZUz6pnFt5AJBiyvHye/avatar/529.jpg",
        "password": "pepl943MuFYqU_z",
        "registeredAt": "2022-03-24T01:38:13.698Z"
    },
    {
        "uuid": "2461ae66-e618-472d-89a5-9f902d9add4f",
        "username": "emily_corkery",
        "avatar": "https://cloudflare-ipfs.com/ipfs/Qmd3W5DuhgHirLHGVixi6V76LhCkZUz6pnFt5AJBiyvHye/avatar/939.jpg",
        "password": "2azKi0G5wiPSY2f",
        "registeredAt": "2022-08-20T14:28:57.485Z"
    },
    {
        "uuid": "596ff093-2a22-4a8a-8ef3-ec3182b19af8",
        "username": "andrew87",
        "avatar": "https://cloudflare-ipfs.com/ipfs/Qmd3W5DuhgHirLHGVixi6V76LhCkZUz6pnFt5AJBiyvHye/avatar/1229.jpg",
        "password": "J1DTYoIaWrhiXSy",
        "registeredAt": "2022-08-22T22:17:16.456Z"
    },
    {
        "uuid": "415602cf-810c-4627-a621-5d154ae34c23",
        "username": "christy_robel9",
        "avatar": "https://cloudflare-ipfs.com/ipfs/Qmd3W5DuhgHirLHGVixi6V76LhCkZUz6pnFt5AJBiyvHye/avatar/417.jpg",
        "password": "4YyLN9PmAq2XxI_",
        "registeredAt": "2022-06-19T16:44:13.112Z"
    },
    {
        "uuid": "0e3ec94e-680d-47cd-a7ea-d0e1c1d67f0c",
        "username": "zachary35",
        "avatar": "https://cloudflare-ipfs.com/ipfs/Qmd3W5DuhgHirLHGVixi6V76LhCkZUz6pnFt5AJBiyvHye/avatar/761.jpg",
        "password": "5Pfu_DKV8X7JcWT",
        "registeredAt": "2022-06-09T11:54:54.843Z"
    },
    {
        "uuid": "18d0b671-bdaa-40f2-8888-a868d49ed13d",
        "username": "wellington.anderson13",
        "avatar": "https://cloudflare-ipfs.com/ipfs/Qmd3W5DuhgHirLHGVixi6V76LhCkZUz6pnFt5AJBiyvHye/avatar/1179.jpg",
        "password": "HLqljHVKxdnp4qr",
        "registeredAt": "2023-01-23T10:39:50.640Z"
    },
    {
        "uuid": "eeefc2f5-ca22-4a70-b2c0-468e4023e7a4",
        "username": "al.torphy",
        "avatar": "https://cloudflare-ipfs.com/ipfs/Qmd3W5DuhgHirLHGVixi6V76LhCkZUz6pnFt5AJBiyvHye/avatar/979.jpg",
        "password": "L_oB21R5aFYG9Ud",
        "registeredAt": "2022-06-11T12:51:56.763Z"
    },
    {
        "uuid": "593a5bde-9bc1-4b17-939f-b3ce1160cd4c",
        "username": "micheal_witting34",
        "avatar": "https://cloudflare-ipfs.com/ipfs/Qmd3W5DuhgHirLHGVixi6V76LhCkZUz6pnFt5AJBiyvHye/avatar/716.jpg",
        "password": "mZ2FoyPgWktesuM",
        "registeredAt": "2022-10-28T18:09:21.418Z"
    }
]