[
    {
        "uuid": "4b9109b3-aa1e-4e20-9191-07af50680b3b",
        "productName": "Handmade Frozen Pants",
        "image": "https://loremflickr.com/640/480/animals",
        "price": "686.00",
        "description": "The beautiful range of Apple Natural챕 that has an exciting mix of natural ingredients. With the Goodness of 100% Natural Ingredients",
        "registeredAt": "2022-03-10T17:46:45.615Z"
    },
    {
        "uuid": "8c5a1442-d6c1-40f4-8412-3d10382e6963",
        "productName": "Sleek Granite Shirt",
        "image": "https://loremflickr.com/640/480/animals",
        "price": "382.00",
        "description": "Ergonomic executive chair upholstered in bonded black leather and PVC padded seat and back for all-day comfort and support",
        "registeredAt": "2022-10-02T07:34:52.855Z"
    },
    {
        "uuid": "cc92c2a0-c6fd-432f-afb2-2839d62161f2",
        "productName": "Awesome Metal Mouse",
        "image": "https://loremflickr.com/640/480/cats",
        "price": "249.00",
        "description": "The Apollotech B340 is an affordable wireless mouse with reliable connectivity, 12 months battery life and modern design",
        "registeredAt": "2022-06-07T00:02:45.720Z"
    },
    {
        "uuid": "270f03cc-970f-43f9-ae96-8074b75501df",
        "productName": "Licensed Metal Car",
        "image": "https://loremflickr.com/640/480/business",
        "price": "982.00",
        "description": "Ergonomic executive chair upholstered in bonded black leather and PVC padded seat and back for all-day comfort and support",
        "registeredAt": "2023-02-17T04:15:10.946Z"
    },
    {
        "uuid": "c8e9fcc4-d0e3-41b9-84c9-ee13c51e39bd",
        "productName": "Practical Soft Bacon",
        "image": "https://loremflickr.com/640/480/transport",
        "price": "824.00",
        "description": "The beautiful range of Apple Natural챕 that has an exciting mix of natural ingredients. With the Goodness of 100% Natural Ingredients",
        "registeredAt": "2022-08-08T13:07:28.020Z"
    },
    {
        "uuid": "493331e0-c6ed-4166-ab74-5dc3dabbfa05",
        "productName": "Gorgeous Wooden Chair",
        "image": "https://loremflickr.com/640/480/sports",
        "price": "662.00",
        "description": "Andy shoes are designed to keeping in mind durability as well as trends, the most stylish range of shoes & sandals",
        "registeredAt": "2022-06-03T20:10:19.310Z"
    },
    {
        "uuid": "0c2c2fa1-be6c-4d0f-a2fe-d8ca0b22c2d3",
        "productName": "Incredible Steel Mouse",
        "image": "https://loremflickr.com/640/480/nature",
        "price": "324.00",
        "description": "Carbonite web goalkeeper gloves are ergonomically designed to give easy fit",
        "registeredAt": "2022-06-25T03:11:32.068Z"
    },
    {
        "uuid": "ef18b649-1515-4753-aed3-77a85c36719d",
        "productName": "Tasty Fresh Pizza",
        "image": "https://loremflickr.com/640/480/sports",
        "price": "496.00",
        "description": "The Apollotech B340 is an affordable wireless mouse with reliable connectivity, 12 months battery life and modern design",
        "registeredAt": "2022-05-23T19:14:09.710Z"
    },
    {
        "uuid": "3cd5dc43-8164-472e-967a-dda99b4a2512",
        "productName": "Ergonomic Steel Bike",
        "image": "https://loremflickr.com/640/480/city",
        "price": "667.00",
        "description": "Andy shoes are designed to keeping in mind durability as well as trends, the most stylish range of shoes & sandals",
        "registeredAt": "2022-07-26T07:58:16.163Z"
    },
    {
        "uuid": "c663a1fe-74a5-4f24-b116-1df710ea1528",
        "productName": "Modern Concrete Chips",
        "image": "https://loremflickr.com/640/480/nature",
        "price": "813.00",
        "description": "The Football Is Good For Training And Recreational Purposes",
        "registeredAt": "2023-02-04T19:36:01.239Z"
    },
    {
        "uuid": "e30a4bbc-acd4-4f86-8752-77093bef5a96",
        "productName": "Generic Cotton Salad",
        "image": "https://loremflickr.com/640/480/transport",
        "price": "503.00",
        "description": "New range of formal shirts are designed keeping you in mind. With fits and styling that will make you stand apart",
        "registeredAt": "2022-04-02T11:31:07.774Z"
    },
    {
        "uuid": "2d9be664-4962-4641-a6f6-bcb22403eeb0",
        "productName": "Fantastic Frozen Soap",
        "image": "https://loremflickr.com/640/480/technics",
        "price": "315.00",
        "description": "The slim & simple Maple Gaming Keyboard from Dev Byte comes with a sleek body and 7- Color RGB LED Back-lighting for smart functionality",
        "registeredAt": "2022-07-21T14:45:21.074Z"
    },
    {
        "uuid": "8396cc6e-3e98-42ea-b648-46f83d5b78c5",
        "productName": "Incredible Concrete Towels",
        "image": "https://loremflickr.com/640/480/nature",
        "price": "776.00",
        "description": "Andy shoes are designed to keeping in mind durability as well as trends, the most stylish range of shoes & sandals",
        "registeredAt": "2023-02-03T08:45:27.393Z"
    },
    {
        "uuid": "7e5a8cbb-b473-4fa7-b1ba-72882cc3f214",
        "productName": "Intelligent Plastic Towels",
        "image": "https://loremflickr.com/640/480/abstract",
        "price": "869.00",
        "description": "Andy shoes are designed to keeping in mind durability as well as trends, the most stylish range of shoes & sandals",
        "registeredAt": "2022-09-24T20:13:46.540Z"
    },
    {
        "uuid": "0ec9cf05-680a-4649-83d1-2f38b6de8b72",
        "productName": "Incredible Fresh Computer",
        "image": "https://loremflickr.com/640/480/city",
        "price": "791.00",
        "description": "The Nagasaki Lander is the trademarked name of several series of Nagasaki sport bikes, that started with the 1984 ABC800J",
        "registeredAt": "2022-04-09T06:07:01.204Z"
    },
    {
        "uuid": "a74e35cd-da31-4d85-b0dd-4f323aec862a",
        "productName": "Luxurious Granite Keyboard",
        "image": "https://loremflickr.com/640/480/abstract",
        "price": "876.00",
        "description": "New ABC 13 9370, 13.3, 5th Gen CoreA5-8250U, 8GB RAM, 256GB SSD, power UHD Graphics, OS 10 Home, OS Office A & J 2016",
        "registeredAt": "2022-09-27T06:55:54.124Z"
    },
    {
        "uuid": "d5b97c6a-82c2-4933-bbec-60fe94b2f5cf",
        "productName": "Recycled Bronze Cheese",
        "image": "https://loremflickr.com/640/480/nature",
        "price": "857.00",
        "description": "The automobile layout consists of a front-engine design, with transaxle-type transmissions mounted at the rear of the engine and four wheel drive",
        "registeredAt": "2022-12-28T15:27:48.464Z"
    },
    {
        "uuid": "692c237a-df10-4085-bc19-0d98cbf6cd8c",
        "productName": "Ergonomic Soft Salad",
        "image": "https://loremflickr.com/640/480/nightlife",
        "price": "664.00",
        "description": "Boston's most advanced compression wear technology increases muscle oxygenation, stabilizes active muscles",
        "registeredAt": "2022-10-04T08:15:52.197Z"
    },
    {
        "uuid": "08cf9f11-cd59-4c26-a973-8e196e76edb5",
        "productName": "Recycled Soft Tuna",
        "image": "https://loremflickr.com/640/480/technics",
        "price": "15.00",
        "description": "Andy shoes are designed to keeping in mind durability as well as trends, the most stylish range of shoes & sandals",
        "registeredAt": "2022-09-16T20:54:55.769Z"
    },
    {
        "uuid": "1f745f48-5847-4437-9c72-25d2cd44a01b",
        "productName": "Licensed Concrete Ball",
        "image": "https://loremflickr.com/640/480/transport",
        "price": "56.00",
        "description": "Ergonomic executive chair upholstered in bonded black leather and PVC padded seat and back for all-day comfort and support",
        "registeredAt": "2022-06-20T16:13:25.630Z"
    },
    {
        "uuid": "9d5f6a84-4248-4deb-b023-744ac45278cf",
        "productName": "Gorgeous Cotton Ball",
        "image": "https://loremflickr.com/640/480/sports",
        "price": "83.00",
        "description": "The Nagasaki Lander is the trademarked name of several series of Nagasaki sport bikes, that started with the 1984 ABC800J",
        "registeredAt": "2022-08-05T18:26:22.443Z"
    },
    {
        "uuid": "9feeba0c-bafd-472e-8bd1-27187ef72730",
        "productName": "Bespoke Cotton Computer",
        "image": "https://loremflickr.com/640/480/animals",
        "price": "710.00",
        "description": "New ABC 13 9370, 13.3, 5th Gen CoreA5-8250U, 8GB RAM, 256GB SSD, power UHD Graphics, OS 10 Home, OS Office A & J 2016",
        "registeredAt": "2022-04-15T10:01:13.347Z"
    },
    {
        "uuid": "c99d7603-5ca2-43c0-814c-099691a30689",
        "productName": "Elegant Fresh Cheese",
        "image": "https://loremflickr.com/640/480/nightlife",
        "price": "763.00",
        "description": "The beautiful range of Apple Natural챕 that has an exciting mix of natural ingredients. With the Goodness of 100% Natural Ingredients",
        "registeredAt": "2022-06-16T02:09:43.191Z"
    },
    {
        "uuid": "c138bd22-ded8-4c6f-a4d7-09f35336a521",
        "productName": "Ergonomic Metal Fish",
        "image": "https://loremflickr.com/640/480/animals",
        "price": "723.00",
        "description": "Andy shoes are designed to keeping in mind durability as well as trends, the most stylish range of shoes & sandals",
        "registeredAt": "2022-08-12T09:41:36.225Z"
    },
    {
        "uuid": "cca4fe91-e1ae-47d8-a052-bdf4339fed49",
        "productName": "Gorgeous Plastic Chicken",
        "image": "https://loremflickr.com/640/480/sports",
        "price": "265.00",
        "description": "New ABC 13 9370, 13.3, 5th Gen CoreA5-8250U, 8GB RAM, 256GB SSD, power UHD Graphics, OS 10 Home, OS Office A & J 2016",
        "registeredAt": "2022-05-13T15:05:09.167Z"
    },
    {
        "uuid": "b1d616c8-2ae0-4cde-a9d1-b09653748a0f",
        "productName": "Refined Frozen Car",
        "image": "https://loremflickr.com/640/480/sports",
        "price": "431.00",
        "description": "Boston's most advanced compression wear technology increases muscle oxygenation, stabilizes active muscles",
        "registeredAt": "2022-09-24T21:05:59.187Z"
    },
    {
        "uuid": "47a569e2-9d4a-4119-a0ec-559868e50d57",
        "productName": "Fantastic Plastic Tuna",
        "image": "https://loremflickr.com/640/480/technics",
        "price": "249.00",
        "description": "The beautiful range of Apple Natural챕 that has an exciting mix of natural ingredients. With the Goodness of 100% Natural Ingredients",
        "registeredAt": "2022-06-03T06:27:40.155Z"
    },
    {
        "uuid": "d2c0f87d-7c0f-4b7c-8c4d-fbe3ec15adf9",
        "productName": "Bespoke Steel Chips",
        "image": "https://loremflickr.com/640/480/nature",
        "price": "281.00",
        "description": "The beautiful range of Apple Natural챕 that has an exciting mix of natural ingredients. With the Goodness of 100% Natural Ingredients",
        "registeredAt": "2022-03-20T19:45:18.733Z"
    },
    {
        "uuid": "88a99055-08ee-4321-8f4f-3793134851a5",
        "productName": "Modern Frozen Hat",
        "image": "https://loremflickr.com/640/480/abstract",
        "price": "243.00",
        "description": "The Nagasaki Lander is the trademarked name of several series of Nagasaki sport bikes, that started with the 1984 ABC800J",
        "registeredAt": "2022-04-19T07:01:47.395Z"
    },
    {
        "uuid": "de6dd48b-c199-4b49-b4db-451ba25d7aa3",
        "productName": "Luxurious Bronze Bike",
        "image": "https://loremflickr.com/640/480/transport",
        "price": "932.00",
        "description": "New range of formal shirts are designed keeping you in mind. With fits and styling that will make you stand apart",
        "registeredAt": "2022-07-24T17:09:34.222Z"
    }
]