[
    {
        "uuid": "86580d96-85a7-498f-acad-65cf164e13af",
        "nickname": "Angeline.Bailey",
        "email": "Xzavier28@yahoo.com",
        "avatar": "https://cloudflare-ipfs.com/ipfs/Qmd3W5DuhgHirLHGVixi6V76LhCkZUz6pnFt5AJBiyvHye/avatar/996.jpg",
        "password": "kvovKnp81BvFc7A",
        "birthdate": "2001-06-26T21:14:06.945Z",
        "registeredAt": "2022-06-07T20:05:19.139Z"
    },
    {
        "uuid": "0cbb1bd4-84ca-4522-82cf-d64acf9a53a8",
        "nickname": "Theodore_Leannon",
        "email": "Kristofer.Anderson@yahoo.com",
        "avatar": "https://cloudflare-ipfs.com/ipfs/Qmd3W5DuhgHirLHGVixi6V76LhCkZUz6pnFt5AJBiyvHye/avatar/62.jpg",
        "password": "AvrCtl0hmnxSDMQ",
        "birthdate": "1985-07-25T13:15:10.969Z",
        "registeredAt": "2023-02-20T06:29:34.223Z"
    },
    {
        "uuid": "cf000fcc-1aa7-4d33-b81a-d62a435bdffc",
        "nickname": "Ramon_Cassin51",
        "email": "Clementina_Boehm@yahoo.com",
        "avatar": "https://cloudflare-ipfs.com/ipfs/Qmd3W5DuhgHirLHGVixi6V76LhCkZUz6pnFt5AJBiyvHye/avatar/668.jpg",
        "password": "ZxXBhphwlwE0TV7",
        "birthdate": "1988-10-31T23:14:33.348Z",
        "registeredAt": "2023-02-28T06:20:19.931Z"
    },
    {
        "uuid": "357d22e2-a481-410d-b4cf-2cf66d3dc709",
        "nickname": "Crystal.Dickens",
        "email": "Thora.Schinner@hotmail.com",
        "avatar": "https://cloudflare-ipfs.com/ipfs/Qmd3W5DuhgHirLHGVixi6V76LhCkZUz6pnFt5AJBiyvHye/avatar/651.jpg",
        "password": "FnPLXaLHgih8gEy",
        "birthdate": "2004-11-21T18:07:52.597Z",
        "registeredAt": "2022-10-08T20:10:01.603Z"
    },
    {
        "uuid": "264f7e57-4990-4dd4-a17e-94143f74c78c",
        "nickname": "Emmy.Leffler",
        "email": "Clyde_Keebler@yahoo.com",
        "avatar": "https://cloudflare-ipfs.com/ipfs/Qmd3W5DuhgHirLHGVixi6V76LhCkZUz6pnFt5AJBiyvHye/avatar/705.jpg",
        "password": "6_XGiX5xBykew7R",
        "birthdate": "1945-09-24T15:41:14.246Z",
        "registeredAt": "2022-03-18T16:25:11.416Z"
    },
    {
        "uuid": "e9ed8708-a38e-4b6e-b387-fae710dc9c85",
        "nickname": "Charley4",
        "email": "Flo_DAmore@gmail.com",
        "avatar": "https://cloudflare-ipfs.com/ipfs/Qmd3W5DuhgHirLHGVixi6V76LhCkZUz6pnFt5AJBiyvHye/avatar/774.jpg",
        "password": "Q4i5PP4pqgrRBP_",
        "birthdate": "1973-07-25T10:54:47.125Z",
        "registeredAt": "2022-12-23T04:00:10.123Z"
    },
    {
        "uuid": "95b723ac-67f0-48b5-b5c2-d5d9391a9733",
        "nickname": "Darrell_Mayer",
        "email": "Faye_Kautzer14@gmail.com",
        "avatar": "https://cloudflare-ipfs.com/ipfs/Qmd3W5DuhgHirLHGVixi6V76LhCkZUz6pnFt5AJBiyvHye/avatar/931.jpg",
        "password": "8TrD55ON9doptUB",
        "birthdate": "2004-08-17T03:09:54.906Z",
        "registeredAt": "2022-07-29T04:03:57.425Z"
    },
    {
        "uuid": "a7343be5-12ba-4fc4-a9f3-77a0ed42190d",
        "nickname": "Adeline.Stamm",
        "email": "Milford59@hotmail.com",
        "avatar": "https://cloudflare-ipfs.com/ipfs/Qmd3W5DuhgHirLHGVixi6V76LhCkZUz6pnFt5AJBiyvHye/avatar/45.jpg",
        "password": "JOWJv5HE59mB2nx",
        "birthdate": "1973-07-03T18:15:46.012Z",
        "registeredAt": "2022-03-10T21:26:06.500Z"
    },
    {
        "uuid": "f499c9e6-4d8f-4b02-a540-12cd85a406c5",
        "nickname": "Maye.Kautzer",
        "email": "Velda_Swaniawski50@yahoo.com",
        "avatar": "https://cloudflare-ipfs.com/ipfs/Qmd3W5DuhgHirLHGVixi6V76LhCkZUz6pnFt5AJBiyvHye/avatar/414.jpg",
        "password": "z85as8YQ27SZJ8I",
        "birthdate": "2004-09-13T17:04:23.288Z",
        "registeredAt": "2022-03-29T19:26:25.952Z"
    },
    {
        "uuid": "fbfad065-8d04-4ea3-b9b1-acaa9e6ca84a",
        "nickname": "Callie.Waters23",
        "email": "Hugh_Borer48@hotmail.com",
        "avatar": "https://cloudflare-ipfs.com/ipfs/Qmd3W5DuhgHirLHGVixi6V76LhCkZUz6pnFt5AJBiyvHye/avatar/535.jpg",
        "password": "OvfgbBdkiA8202U",
        "birthdate": "1982-04-30T03:59:36.909Z",
        "registeredAt": "2022-08-16T15:15:03.498Z"
    },
    {
        "uuid": "be458a98-26e6-44db-93b7-a0dc1740aa1d",
        "nickname": "Ezekiel_Gottlieb",
        "email": "Lynn_Huel40@yahoo.com",
        "avatar": "https://cloudflare-ipfs.com/ipfs/Qmd3W5DuhgHirLHGVixi6V76LhCkZUz6pnFt5AJBiyvHye/avatar/493.jpg",
        "password": "m8RsD_se7rcSFys",
        "birthdate": "1965-08-17T12:09:48.686Z",
        "registeredAt": "2022-07-08T13:22:46.560Z"
    },
    {
        "uuid": "6a86d8ad-0ea2-4293-b912-152b2af9c29f",
        "nickname": "Cathryn.Jones72",
        "email": "Eleazar27@gmail.com",
        "avatar": "https://cloudflare-ipfs.com/ipfs/Qmd3W5DuhgHirLHGVixi6V76LhCkZUz6pnFt5AJBiyvHye/avatar/1211.jpg",
        "password": "9z4tHnGRGyBs4cn",
        "birthdate": "1981-05-12T05:23:58.520Z",
        "registeredAt": "2022-10-03T11:54:38.176Z"
    },
    {
        "uuid": "fe77ae40-8c61-42ac-bddf-be1902d67c5b",
        "nickname": "General_Schumm",
        "email": "Ettie.Zulauf@hotmail.com",
        "avatar": "https://cloudflare-ipfs.com/ipfs/Qmd3W5DuhgHirLHGVixi6V76LhCkZUz6pnFt5AJBiyvHye/avatar/453.jpg",
        "password": "xA0DAIYupT0vv7a",
        "birthdate": "1975-04-10T04:39:00.699Z",
        "registeredAt": "2022-12-13T16:10:12.481Z"
    },
    {
        "uuid": "536e1720-7892-49c0-9f8a-8bf05e05ade8",
        "nickname": "Adrian_Huel38",
        "email": "Elbert.Hackett78@yahoo.com",
        "avatar": "https://cloudflare-ipfs.com/ipfs/Qmd3W5DuhgHirLHGVixi6V76LhCkZUz6pnFt5AJBiyvHye/avatar/822.jpg",
        "password": "XzQwNR18kDyisub",
        "birthdate": "1962-08-29T09:25:44.631Z",
        "registeredAt": "2022-12-30T23:44:47.084Z"
    },
    {
        "uuid": "3649178c-931a-4079-95cc-e358defb3971",
        "nickname": "Myles.Olson54",
        "email": "Dino_Ankunding@yahoo.com",
        "avatar": "https://cloudflare-ipfs.com/ipfs/Qmd3W5DuhgHirLHGVixi6V76LhCkZUz6pnFt5AJBiyvHye/avatar/107.jpg",
        "password": "9AfQwjVUrJET2s0",
        "birthdate": "1977-04-10T05:16:27.174Z",
        "registeredAt": "2023-02-25T00:14:14.983Z"
    },
    {
        "uuid": "b562598b-c9cc-4628-b78e-42b3f4ffa59e",
        "nickname": "Bernardo_Pacocha",
        "email": "Hillary67@hotmail.com",
        "avatar": "https://cloudflare-ipfs.com/ipfs/Qmd3W5DuhgHirLHGVixi6V76LhCkZUz6pnFt5AJBiyvHye/avatar/857.jpg",
        "password": "9kVefGT8bOxI2jG",
        "birthdate": "1999-12-14T05:31:09.678Z",
        "registeredAt": "2022-08-15T18:23:43.246Z"
    },
    {
        "uuid": "d62c2c49-15c5-4232-b55a-1bc06068b4bb",
        "nickname": "Kristian_Bruen51",
        "email": "Bernie_Hilpert@gmail.com",
        "avatar": "https://cloudflare-ipfs.com/ipfs/Qmd3W5DuhgHirLHGVixi6V76LhCkZUz6pnFt5AJBiyvHye/avatar/666.jpg",
        "password": "Avng_GssuovUPOi",
        "birthdate": "1957-08-07T06:47:41.152Z",
        "registeredAt": "2023-01-30T00:24:46.865Z"
    },
    {
        "uuid": "ad498ba1-18ee-419a-bad5-97cce06d01b4",
        "nickname": "Brenna.Wilkinson",
        "email": "Gerda23@yahoo.com",
        "avatar": "https://cloudflare-ipfs.com/ipfs/Qmd3W5DuhgHirLHGVixi6V76LhCkZUz6pnFt5AJBiyvHye/avatar/489.jpg",
        "password": "gcNs8hNrLl0_CRx",
        "birthdate": "1993-04-16T01:42:19.917Z",
        "registeredAt": "2022-11-07T06:03:13.509Z"
    },
    {
        "uuid": "8e8153e1-906e-4a39-8f5c-01d5de2e3082",
        "nickname": "Leone80",
        "email": "Jess.Yundt49@gmail.com",
        "avatar": "https://cloudflare-ipfs.com/ipfs/Qmd3W5DuhgHirLHGVixi6V76LhCkZUz6pnFt5AJBiyvHye/avatar/508.jpg",
        "password": "DmrS8e6OVmMG3VD",
        "birthdate": "1994-06-13T05:00:45.853Z",
        "registeredAt": "2022-09-08T15:56:30.232Z"
    },
    {
        "uuid": "ad8188df-f2ed-452c-80bc-5832c2486f3c",
        "nickname": "Lauryn_Bode",
        "email": "Chadrick.Schultz@hotmail.com",
        "avatar": "https://cloudflare-ipfs.com/ipfs/Qmd3W5DuhgHirLHGVixi6V76LhCkZUz6pnFt5AJBiyvHye/avatar/516.jpg",
        "password": "GRSOs2HI1fYElCy",
        "birthdate": "1953-06-09T06:06:04.521Z",
        "registeredAt": "2023-02-08T12:21:37.070Z"
    },
    {
        "uuid": "99044ada-8106-4809-b8dc-c027c0c147b0",
        "nickname": "Sadie_Schuppe57",
        "email": "Tomas9@gmail.com",
        "avatar": "https://cloudflare-ipfs.com/ipfs/Qmd3W5DuhgHirLHGVixi6V76LhCkZUz6pnFt5AJBiyvHye/avatar/978.jpg",
        "password": "hpDLtEnQs7YZMoi",
        "birthdate": "1979-12-03T15:52:22.406Z",
        "registeredAt": "2022-12-25T17:52:01.240Z"
    },
    {
        "uuid": "9704521d-4369-44ea-9e90-0cf2f82f896e",
        "nickname": "Denis.Bergnaum",
        "email": "Orion_Yundt@yahoo.com",
        "avatar": "https://cloudflare-ipfs.com/ipfs/Qmd3W5DuhgHirLHGVixi6V76LhCkZUz6pnFt5AJBiyvHye/avatar/663.jpg",
        "password": "TXaeJfhxvxfXpkV",
        "birthdate": "1952-06-21T01:11:49.384Z",
        "registeredAt": "2022-12-26T16:08:20.032Z"
    },
    {
        "uuid": "1a3a9f02-38cb-4e5e-8c80-c74eab63dbd1",
        "nickname": "Jeffery.Jast80",
        "email": "Myah87@hotmail.com",
        "avatar": "https://cloudflare-ipfs.com/ipfs/Qmd3W5DuhgHirLHGVixi6V76LhCkZUz6pnFt5AJBiyvHye/avatar/390.jpg",
        "password": "SgWM0U8MvJ5YL4_",
        "birthdate": "1982-02-02T04:17:54.660Z",
        "registeredAt": "2022-05-23T19:23:05.167Z"
    },
    {
        "uuid": "a8a0a71e-e888-4ffe-adde-c5c8b9314937",
        "nickname": "Karlee.Lockman13",
        "email": "Benedict14@hotmail.com",
        "avatar": "https://cloudflare-ipfs.com/ipfs/Qmd3W5DuhgHirLHGVixi6V76LhCkZUz6pnFt5AJBiyvHye/avatar/823.jpg",
        "password": "qlehiYuddxH0fWY",
        "birthdate": "2002-12-18T05:52:11.966Z",
        "registeredAt": "2022-05-10T23:26:31.893Z"
    },
    {
        "uuid": "b65f97f6-30f4-45d2-965c-8c0dffe5e169",
        "nickname": "Jamaal.Funk37",
        "email": "Mohammad17@yahoo.com",
        "avatar": "https://cloudflare-ipfs.com/ipfs/Qmd3W5DuhgHirLHGVixi6V76LhCkZUz6pnFt5AJBiyvHye/avatar/92.jpg",
        "password": "Q0PFNY_pJjSkpax",
        "birthdate": "1964-10-09T23:24:47.362Z",
        "registeredAt": "2022-10-12T16:56:39.615Z"
    },
    {
        "uuid": "5a72673c-b537-4b56-8917-c7d712de77a3",
        "nickname": "Kristoffer_Terry",
        "email": "Jacinthe35@yahoo.com",
        "avatar": "https://cloudflare-ipfs.com/ipfs/Qmd3W5DuhgHirLHGVixi6V76LhCkZUz6pnFt5AJBiyvHye/avatar/922.jpg",
        "password": "TXNiiSPTrx1ZqMP",
        "birthdate": "1983-01-11T03:49:45.218Z",
        "registeredAt": "2022-10-24T10:46:51.189Z"
    },
    {
        "uuid": "86a59997-98bb-4c0c-9fa7-4e4fc9c523db",
        "nickname": "Jalen27",
        "email": "Gaetano68@yahoo.com",
        "avatar": "https://cloudflare-ipfs.com/ipfs/Qmd3W5DuhgHirLHGVixi6V76LhCkZUz6pnFt5AJBiyvHye/avatar/560.jpg",
        "password": "SF_rqStkgkQoD8K",
        "birthdate": "1976-01-08T20:31:55.742Z",
        "registeredAt": "2022-03-16T11:07:23.001Z"
    },
    {
        "uuid": "c8bc496d-bad8-4220-aac6-d485fcce5cf6",
        "nickname": "Jamir36",
        "email": "Levi.DuBuque@hotmail.com",
        "avatar": "https://cloudflare-ipfs.com/ipfs/Qmd3W5DuhgHirLHGVixi6V76LhCkZUz6pnFt5AJBiyvHye/avatar/1183.jpg",
        "password": "X72lzCmlz0cEShn",
        "birthdate": "1958-04-08T03:57:37.319Z",
        "registeredAt": "2022-09-20T01:15:31.570Z"
    },
    {
        "uuid": "4ba1e255-d0a1-4497-a6d3-a0ff723dfebd",
        "nickname": "Royce8",
        "email": "Jess_Kirlin@yahoo.com",
        "avatar": "https://cloudflare-ipfs.com/ipfs/Qmd3W5DuhgHirLHGVixi6V76LhCkZUz6pnFt5AJBiyvHye/avatar/933.jpg",
        "password": "dyh0mcHmHSsYwgO",
        "birthdate": "1961-06-29T14:26:44.630Z",
        "registeredAt": "2022-11-17T20:22:16.555Z"
    },
    {
        "uuid": "82b662aa-f8f3-4a03-b6a5-88eeb1041360",
        "nickname": "Derick.Russel60",
        "email": "Noah91@gmail.com",
        "avatar": "https://cloudflare-ipfs.com/ipfs/Qmd3W5DuhgHirLHGVixi6V76LhCkZUz6pnFt5AJBiyvHye/avatar/251.jpg",
        "password": "KYnrQw9dpIusx8Z",
        "birthdate": "1975-05-05T12:05:50.140Z",
        "registeredAt": "2022-11-02T18:55:40.153Z"
    },
    {
        "uuid": "1b7a17d1-cce6-4f48-ab48-d5a06b252f64",
        "nickname": "Dovie.Price",
        "email": "Conor5@yahoo.com",
        "avatar": "https://cloudflare-ipfs.com/ipfs/Qmd3W5DuhgHirLHGVixi6V76LhCkZUz6pnFt5AJBiyvHye/avatar/1026.jpg",
        "password": "hxgKq_s8kibbGN0",
        "birthdate": "1958-02-09T01:23:49.718Z",
        "registeredAt": "2022-12-05T07:18:53.776Z"
    },
    {
        "uuid": "dd2895a8-91e4-41ed-acbc-8d87da2b3bcf",
        "nickname": "Barton_Aufderhar52",
        "email": "Fleta.Stehr@hotmail.com",
        "avatar": "https://cloudflare-ipfs.com/ipfs/Qmd3W5DuhgHirLHGVixi6V76LhCkZUz6pnFt5AJBiyvHye/avatar/1170.jpg",
        "password": "dSVxLIjONy7A5hQ",
        "birthdate": "1953-05-04T22:46:30.516Z",
        "registeredAt": "2022-12-27T16:32:58.183Z"
    },
    {
        "uuid": "9b749a4c-464b-4b7e-b5ab-1438c61def53",
        "nickname": "Tara_Maggio",
        "email": "Bonita_Greenholt55@hotmail.com",
        "avatar": "https://cloudflare-ipfs.com/ipfs/Qmd3W5DuhgHirLHGVixi6V76LhCkZUz6pnFt5AJBiyvHye/avatar/1048.jpg",
        "password": "BS0WcfZqiB4CMuP",
        "birthdate": "1963-07-29T12:03:40.331Z",
        "registeredAt": "2022-05-13T19:43:01.281Z"
    },
    {
        "uuid": "6bba1f15-abd9-40c1-8c82-8492cf3c50f2",
        "nickname": "Delfina_Lehner86",
        "email": "Neva68@hotmail.com",
        "avatar": "https://cloudflare-ipfs.com/ipfs/Qmd3W5DuhgHirLHGVixi6V76LhCkZUz6pnFt5AJBiyvHye/avatar/1235.jpg",
        "password": "oSZOgbntOgidvRV",
        "birthdate": "1980-06-09T16:04:56.281Z",
        "registeredAt": "2022-12-23T12:35:24.722Z"
    },
    {
        "uuid": "ebaf2f23-4171-4bce-9323-9c8d077fc597",
        "nickname": "Alexandro.McClure73",
        "email": "Brandt39@gmail.com",
        "avatar": "https://cloudflare-ipfs.com/ipfs/Qmd3W5DuhgHirLHGVixi6V76LhCkZUz6pnFt5AJBiyvHye/avatar/1120.jpg",
        "password": "TbPfhrXyX9Wk1Jz",
        "birthdate": "1968-09-20T03:22:05.614Z",
        "registeredAt": "2022-07-05T04:23:55.800Z"
    },
    {
        "uuid": "ec4f69cc-2034-4809-b7fa-87c6aae1db0c",
        "nickname": "Conor.Ratke",
        "email": "Viola.Greenfelder99@hotmail.com",
        "avatar": "https://cloudflare-ipfs.com/ipfs/Qmd3W5DuhgHirLHGVixi6V76LhCkZUz6pnFt5AJBiyvHye/avatar/248.jpg",
        "password": "oKe6zwdpZAwSksx",
        "birthdate": "1943-04-11T14:58:05.403Z",
        "registeredAt": "2022-12-02T01:39:03.443Z"
    },
    {
        "uuid": "c18a09d0-2168-4c29-be2d-ab428d846406",
        "nickname": "Korey.Mante10",
        "email": "Anastasia_Zemlak74@yahoo.com",
        "avatar": "https://cloudflare-ipfs.com/ipfs/Qmd3W5DuhgHirLHGVixi6V76LhCkZUz6pnFt5AJBiyvHye/avatar/1064.jpg",
        "password": "KaNcRoEoBMbDs3Y",
        "birthdate": "2002-02-26T21:14:41.279Z",
        "registeredAt": "2023-02-22T23:28:43.198Z"
    },
    {
        "uuid": "44481562-2c41-4fdb-864f-535274cfda77",
        "nickname": "Aiyana45",
        "email": "Harry59@yahoo.com",
        "avatar": "https://cloudflare-ipfs.com/ipfs/Qmd3W5DuhgHirLHGVixi6V76LhCkZUz6pnFt5AJBiyvHye/avatar/1039.jpg",
        "password": "jNEMelytl0cdAMz",
        "birthdate": "1972-06-03T01:32:25.844Z",
        "registeredAt": "2022-09-30T20:09:43.899Z"
    },
    {
        "uuid": "f55faa3c-6d9e-41af-b164-893241c66d9a",
        "nickname": "Rhett.Schuster57",
        "email": "Zachary.Schaden@gmail.com",
        "avatar": "https://cloudflare-ipfs.com/ipfs/Qmd3W5DuhgHirLHGVixi6V76LhCkZUz6pnFt5AJBiyvHye/avatar/959.jpg",
        "password": "TYYoBJjgTt4UUNz",
        "birthdate": "1984-09-14T12:04:22.802Z",
        "registeredAt": "2023-02-19T18:36:17.867Z"
    },
    {
        "uuid": "b6d092c4-48db-46a4-9cb2-53e1badd22d6",
        "nickname": "Gregoria95",
        "email": "Audrey78@gmail.com",
        "avatar": "https://cloudflare-ipfs.com/ipfs/Qmd3W5DuhgHirLHGVixi6V76LhCkZUz6pnFt5AJBiyvHye/avatar/493.jpg",
        "password": "xsOHYxsmu_iQNUu",
        "birthdate": "1943-02-05T15:14:21.826Z",
        "registeredAt": "2022-10-16T06:31:45.162Z"
    },
    {
        "uuid": "5103da42-7314-463a-852b-122898655b6b",
        "nickname": "Valentine_Jerde",
        "email": "Asha20@yahoo.com",
        "avatar": "https://cloudflare-ipfs.com/ipfs/Qmd3W5DuhgHirLHGVixi6V76LhCkZUz6pnFt5AJBiyvHye/avatar/1228.jpg",
        "password": "QPZmrRTPRstlE7U",
        "birthdate": "1992-05-04T05:49:09.595Z",
        "registeredAt": "2022-04-26T17:13:09.525Z"
    },
    {
        "uuid": "45e020a6-44af-4bb8-8bab-910806e65ea8",
        "nickname": "Bruce60",
        "email": "Kenny.Doyle69@gmail.com",
        "avatar": "https://cloudflare-ipfs.com/ipfs/Qmd3W5DuhgHirLHGVixi6V76LhCkZUz6pnFt5AJBiyvHye/avatar/365.jpg",
        "password": "BBgrIfN1VJNpL7e",
        "birthdate": "1970-08-25T03:03:40.664Z",
        "registeredAt": "2023-02-13T00:08:14.691Z"
    },
    {
        "uuid": "8cfb1e6f-d372-44d7-9e9e-8612a2777e29",
        "nickname": "Landen_Batz",
        "email": "Lesley.Hyatt@yahoo.com",
        "avatar": "https://cloudflare-ipfs.com/ipfs/Qmd3W5DuhgHirLHGVixi6V76LhCkZUz6pnFt5AJBiyvHye/avatar/1061.jpg",
        "password": "ucXV2aFARHOMQpM",
        "birthdate": "1991-04-14T18:14:06.079Z",
        "registeredAt": "2022-05-17T15:12:30.579Z"
    },
    {
        "uuid": "b46f764d-00e3-4bc1-b93b-9b9da6c4d0a8",
        "nickname": "Jennie_Borer39",
        "email": "Luz4@yahoo.com",
        "avatar": "https://cloudflare-ipfs.com/ipfs/Qmd3W5DuhgHirLHGVixi6V76LhCkZUz6pnFt5AJBiyvHye/avatar/270.jpg",
        "password": "2lcwKl2A8pNeM3C",
        "birthdate": "1963-12-21T14:33:38.472Z",
        "registeredAt": "2023-01-31T07:29:20.569Z"
    },
    {
        "uuid": "1d38082a-b654-46c7-a1c1-007696b4ee21",
        "nickname": "Hope74",
        "email": "Schuyler_Rolfson57@yahoo.com",
        "avatar": "https://cloudflare-ipfs.com/ipfs/Qmd3W5DuhgHirLHGVixi6V76LhCkZUz6pnFt5AJBiyvHye/avatar/362.jpg",
        "password": "U8cn_HlR6U8ioGu",
        "birthdate": "1987-01-10T03:40:58.904Z",
        "registeredAt": "2023-02-27T21:47:28.222Z"
    },
    {
        "uuid": "98f4f6a8-4f46-4ce0-b2ca-b048b44a6810",
        "nickname": "Brandyn65",
        "email": "Abel_Strosin@gmail.com",
        "avatar": "https://cloudflare-ipfs.com/ipfs/Qmd3W5DuhgHirLHGVixi6V76LhCkZUz6pnFt5AJBiyvHye/avatar/742.jpg",
        "password": "Mk30rGYUYmclTR_",
        "birthdate": "1946-03-06T07:35:55.952Z",
        "registeredAt": "2022-05-10T22:16:01.801Z"
    },
    {
        "uuid": "ae8389cc-1f7c-44d4-b7e3-14926571b94e",
        "nickname": "Veronica.Ebert63",
        "email": "Jonatan_Dibbert@hotmail.com",
        "avatar": "https://cloudflare-ipfs.com/ipfs/Qmd3W5DuhgHirLHGVixi6V76LhCkZUz6pnFt5AJBiyvHye/avatar/818.jpg",
        "password": "ZygZOj4L47o2zJp",
        "birthdate": "2005-06-26T03:34:49.523Z",
        "registeredAt": "2022-11-11T00:33:33.231Z"
    },
    {
        "uuid": "e93e8956-71d0-494b-80b2-9baa0b0c410c",
        "nickname": "Tess3",
        "email": "Rae_Hessel@yahoo.com",
        "avatar": "https://cloudflare-ipfs.com/ipfs/Qmd3W5DuhgHirLHGVixi6V76LhCkZUz6pnFt5AJBiyvHye/avatar/410.jpg",
        "password": "7Z48dqhvvoMjaDr",
        "birthdate": "1981-04-05T03:16:00.813Z",
        "registeredAt": "2023-02-02T08:08:55.868Z"
    },
    {
        "uuid": "aa721acd-43f6-4571-807e-3e138e83a501",
        "nickname": "Kurtis_Paucek68",
        "email": "Tressie_Powlowski53@hotmail.com",
        "avatar": "https://cloudflare-ipfs.com/ipfs/Qmd3W5DuhgHirLHGVixi6V76LhCkZUz6pnFt5AJBiyvHye/avatar/986.jpg",
        "password": "pk8vOUj1RT5GrzP",
        "birthdate": "1963-04-21T13:31:30.762Z",
        "registeredAt": "2022-12-29T23:00:46.721Z"
    },
    {
        "uuid": "4c7cae4b-07aa-4707-bd03-907871256211",
        "nickname": "Gillian_Predovic99",
        "email": "Roger_Wintheiser@gmail.com",
        "avatar": "https://cloudflare-ipfs.com/ipfs/Qmd3W5DuhgHirLHGVixi6V76LhCkZUz6pnFt5AJBiyvHye/avatar/331.jpg",
        "password": "iBKOVUjpDzuzbXv",
        "birthdate": "2002-11-09T06:55:58.917Z",
        "registeredAt": "2023-02-10T11:56:23.883Z"
    },
    {
        "uuid": "38783937-5760-4d18-9f15-fabdb6bfde9f",
        "nickname": "Selina.Friesen",
        "email": "Sydney90@yahoo.com",
        "avatar": "https://cloudflare-ipfs.com/ipfs/Qmd3W5DuhgHirLHGVixi6V76LhCkZUz6pnFt5AJBiyvHye/avatar/314.jpg",
        "password": "kGMqdFbxtw3Zg_T",
        "birthdate": "1997-07-25T20:20:23.865Z",
        "registeredAt": "2022-05-09T08:18:19.675Z"
    },
    {
        "uuid": "c99a5ad8-d5d9-44b1-bc0e-e660407a362e",
        "nickname": "Aida_Rolfson0",
        "email": "Esmeralda.Murphy53@hotmail.com",
        "avatar": "https://cloudflare-ipfs.com/ipfs/Qmd3W5DuhgHirLHGVixi6V76LhCkZUz6pnFt5AJBiyvHye/avatar/506.jpg",
        "password": "6xmDZsRyVfVyJNj",
        "birthdate": "1976-01-30T01:20:06.428Z",
        "registeredAt": "2022-05-14T00:48:38.155Z"
    },
    {
        "uuid": "3dd490b4-d5ec-4f17-8983-67d586263582",
        "nickname": "Loma.Grimes63",
        "email": "Hulda10@hotmail.com",
        "avatar": "https://cloudflare-ipfs.com/ipfs/Qmd3W5DuhgHirLHGVixi6V76LhCkZUz6pnFt5AJBiyvHye/avatar/626.jpg",
        "password": "pjcfsGSwrF9u0mv",
        "birthdate": "1982-11-12T04:30:14.551Z",
        "registeredAt": "2022-08-31T01:00:38.991Z"
    },
    {
        "uuid": "8274a309-f515-4f49-bf23-c281a713978c",
        "nickname": "Karolann_Hoeger",
        "email": "Colby.Nolan@gmail.com",
        "avatar": "https://cloudflare-ipfs.com/ipfs/Qmd3W5DuhgHirLHGVixi6V76LhCkZUz6pnFt5AJBiyvHye/avatar/442.jpg",
        "password": "v9UPBRJdKnyRoYY",
        "birthdate": "1990-05-31T19:58:40.215Z",
        "registeredAt": "2022-05-14T12:48:44.719Z"
    },
    {
        "uuid": "2568069e-7f0a-43b6-ae44-ac619a0eec93",
        "nickname": "Brian_Reynolds69",
        "email": "Josiah99@hotmail.com",
        "avatar": "https://cloudflare-ipfs.com/ipfs/Qmd3W5DuhgHirLHGVixi6V76LhCkZUz6pnFt5AJBiyvHye/avatar/9.jpg",
        "password": "XJ12mvA3wQQlEEn",
        "birthdate": "1957-12-24T07:31:06.369Z",
        "registeredAt": "2022-08-06T19:28:00.666Z"
    },
    {
        "uuid": "7b1c3fc8-ae53-4d41-95db-5cef6dcb446c",
        "nickname": "Karina_Leffler",
        "email": "Sydni.Daugherty@hotmail.com",
        "avatar": "https://cloudflare-ipfs.com/ipfs/Qmd3W5DuhgHirLHGVixi6V76LhCkZUz6pnFt5AJBiyvHye/avatar/524.jpg",
        "password": "nBmshvGrvmZfOA3",
        "birthdate": "1996-02-13T19:27:11.291Z",
        "registeredAt": "2023-01-25T10:44:55.615Z"
    },
    {
        "uuid": "5b42519a-9c26-4374-b831-84927e66c0db",
        "nickname": "Louvenia_Harris44",
        "email": "Daniela.Hudson16@gmail.com",
        "avatar": "https://cloudflare-ipfs.com/ipfs/Qmd3W5DuhgHirLHGVixi6V76LhCkZUz6pnFt5AJBiyvHye/avatar/930.jpg",
        "password": "zySCPeADk2mzzgv",
        "birthdate": "1985-03-05T03:44:26.956Z",
        "registeredAt": "2022-08-01T09:02:16.060Z"
    },
    {
        "uuid": "8d3d3df0-6a7b-44cb-82ce-06d580a350e7",
        "nickname": "Walton.Miller52",
        "email": "Theron_Monahan@hotmail.com",
        "avatar": "https://cloudflare-ipfs.com/ipfs/Qmd3W5DuhgHirLHGVixi6V76LhCkZUz6pnFt5AJBiyvHye/avatar/771.jpg",
        "password": "nCAF4Ew_WCaAwUL",
        "birthdate": "2000-01-19T02:41:15.565Z",
        "registeredAt": "2022-05-04T20:28:51.254Z"
    },
    {
        "uuid": "9474944d-c127-473a-9eb6-5cce922da4c3",
        "nickname": "Valerie_Reilly",
        "email": "Candelario_Blick35@yahoo.com",
        "avatar": "https://cloudflare-ipfs.com/ipfs/Qmd3W5DuhgHirLHGVixi6V76LhCkZUz6pnFt5AJBiyvHye/avatar/32.jpg",
        "password": "6P10vdyLOeqEoLY",
        "birthdate": "1972-11-17T19:16:25.144Z",
        "registeredAt": "2022-12-27T13:42:54.937Z"
    },
    {
        "uuid": "2358f4c7-accb-4189-9a44-69321c1cb72d",
        "nickname": "Edmond61",
        "email": "Karolann_VonRueden15@hotmail.com",
        "avatar": "https://cloudflare-ipfs.com/ipfs/Qmd3W5DuhgHirLHGVixi6V76LhCkZUz6pnFt5AJBiyvHye/avatar/480.jpg",
        "password": "JsjFveiYAb3jeOR",
        "birthdate": "1948-01-23T13:38:56.437Z",
        "registeredAt": "2022-08-12T09:27:09.743Z"
    },
    {
        "uuid": "62cce4af-5f96-4f9e-9ea1-3b9550f0627e",
        "nickname": "Alia_Altenwerth",
        "email": "Zena_Jaskolski50@hotmail.com",
        "avatar": "https://cloudflare-ipfs.com/ipfs/Qmd3W5DuhgHirLHGVixi6V76LhCkZUz6pnFt5AJBiyvHye/avatar/545.jpg",
        "password": "q4YWgxoHmxedTs4",
        "birthdate": "1956-09-28T10:25:15.973Z",
        "registeredAt": "2022-11-30T15:26:49.785Z"
    },
    {
        "uuid": "0720c035-92e2-4674-a3bb-6266556c92b5",
        "nickname": "Stacey_Ernser53",
        "email": "Justyn.Durgan99@hotmail.com",
        "avatar": "https://cloudflare-ipfs.com/ipfs/Qmd3W5DuhgHirLHGVixi6V76LhCkZUz6pnFt5AJBiyvHye/avatar/20.jpg",
        "password": "o33_oCZ7Zc0OpQh",
        "birthdate": "1951-11-12T13:32:05.047Z",
        "registeredAt": "2022-06-19T10:04:59.062Z"
    },
    {
        "uuid": "a4ec78b6-dbd3-49c6-b140-c8f497de63a7",
        "nickname": "Kyra98",
        "email": "Zoie.Rowe15@gmail.com",
        "avatar": "https://cloudflare-ipfs.com/ipfs/Qmd3W5DuhgHirLHGVixi6V76LhCkZUz6pnFt5AJBiyvHye/avatar/709.jpg",
        "password": "gwdsnzDAqxDW1uC",
        "birthdate": "1973-10-06T15:57:42.533Z",
        "registeredAt": "2022-04-08T12:14:36.422Z"
    },
    {
        "uuid": "18de84b9-771d-47df-9fa1-36fc826792fa",
        "nickname": "Lorenza.Pollich29",
        "email": "Chester48@yahoo.com",
        "avatar": "https://cloudflare-ipfs.com/ipfs/Qmd3W5DuhgHirLHGVixi6V76LhCkZUz6pnFt5AJBiyvHye/avatar/479.jpg",
        "password": "G1hVptXCdxP6MwO",
        "birthdate": "1973-03-23T02:12:28.824Z",
        "registeredAt": "2022-09-11T07:00:56.612Z"
    },
    {
        "uuid": "6624879d-ab5d-4b97-ba71-e9f6da0f69fa",
        "nickname": "Chloe_Grant",
        "email": "Charity_Altenwerth@gmail.com",
        "avatar": "https://cloudflare-ipfs.com/ipfs/Qmd3W5DuhgHirLHGVixi6V76LhCkZUz6pnFt5AJBiyvHye/avatar/901.jpg",
        "password": "1bYnskjOU4oia3h",
        "birthdate": "1972-09-08T17:08:43.036Z",
        "registeredAt": "2023-01-02T06:27:52.760Z"
    },
    {
        "uuid": "310707b6-8a5e-456f-a9c3-87fde636402e",
        "nickname": "Ayana.Hackett",
        "email": "Gisselle.Nikolaus12@gmail.com",
        "avatar": "https://cloudflare-ipfs.com/ipfs/Qmd3W5DuhgHirLHGVixi6V76LhCkZUz6pnFt5AJBiyvHye/avatar/606.jpg",
        "password": "R7HeU0VJaAfN5g8",
        "birthdate": "1963-08-08T02:59:09.801Z",
        "registeredAt": "2022-12-11T10:38:28.206Z"
    },
    {
        "uuid": "f90701d6-2d70-4e6d-9bc8-e54d819e9925",
        "nickname": "Abelardo62",
        "email": "Shaniya_Franey@gmail.com",
        "avatar": "https://cloudflare-ipfs.com/ipfs/Qmd3W5DuhgHirLHGVixi6V76LhCkZUz6pnFt5AJBiyvHye/avatar/347.jpg",
        "password": "ZddBkztHI9riTa6",
        "birthdate": "1968-08-13T01:22:27.211Z",
        "registeredAt": "2022-04-07T16:16:24.767Z"
    },
    {
        "uuid": "dba43f85-d92d-496a-9124-638dd48408d0",
        "nickname": "Taylor41",
        "email": "Roel_Hintz@hotmail.com",
        "avatar": "https://cloudflare-ipfs.com/ipfs/Qmd3W5DuhgHirLHGVixi6V76LhCkZUz6pnFt5AJBiyvHye/avatar/861.jpg",
        "password": "d3WvG_OZRl1QlWf",
        "birthdate": "1994-12-13T04:46:00.653Z",
        "registeredAt": "2023-02-02T20:49:20.202Z"
    },
    {
        "uuid": "20f0aa9d-0abd-4781-a87f-9e98c2a0e67e",
        "nickname": "Earnest.Abbott",
        "email": "Leonardo_Carter@gmail.com",
        "avatar": "https://cloudflare-ipfs.com/ipfs/Qmd3W5DuhgHirLHGVixi6V76LhCkZUz6pnFt5AJBiyvHye/avatar/366.jpg",
        "password": "hibymTdnDY3uwvj",
        "birthdate": "1953-04-19T17:34:07.583Z",
        "registeredAt": "2022-09-13T15:51:24.990Z"
    },
    {
        "uuid": "42be63bf-d74a-46df-96b8-6d8d29241c6d",
        "nickname": "Ashtyn.Koelpin45",
        "email": "Elvis50@hotmail.com",
        "avatar": "https://cloudflare-ipfs.com/ipfs/Qmd3W5DuhgHirLHGVixi6V76LhCkZUz6pnFt5AJBiyvHye/avatar/699.jpg",
        "password": "ao5vpCu9XSp0ejQ",
        "birthdate": "1948-12-09T18:53:05.208Z",
        "registeredAt": "2022-04-27T00:05:47.502Z"
    },
    {
        "uuid": "859eac58-a94f-49ea-a68e-a5fd48ff0b85",
        "nickname": "Vern.Erdman",
        "email": "Beryl.Terry48@gmail.com",
        "avatar": "https://cloudflare-ipfs.com/ipfs/Qmd3W5DuhgHirLHGVixi6V76LhCkZUz6pnFt5AJBiyvHye/avatar/217.jpg",
        "password": "SZma46YLIcm4Wv3",
        "birthdate": "2001-06-13T07:42:09.181Z",
        "registeredAt": "2022-08-22T02:02:45.148Z"
    },
    {
        "uuid": "91d2ed5e-d356-4644-8b5a-a0fa9d558b51",
        "nickname": "Simone_OConnell75",
        "email": "Raven.Murphy77@gmail.com",
        "avatar": "https://cloudflare-ipfs.com/ipfs/Qmd3W5DuhgHirLHGVixi6V76LhCkZUz6pnFt5AJBiyvHye/avatar/243.jpg",
        "password": "AFj6X6zjHkxCVBW",
        "birthdate": "1954-11-22T20:32:32.518Z",
        "registeredAt": "2022-07-31T21:08:46.480Z"
    },
    {
        "uuid": "4523e2f7-3f10-4790-8047-d2462fe213b9",
        "nickname": "Isabella.Kilback15",
        "email": "Sylvester87@hotmail.com",
        "avatar": "https://cloudflare-ipfs.com/ipfs/Qmd3W5DuhgHirLHGVixi6V76LhCkZUz6pnFt5AJBiyvHye/avatar/185.jpg",
        "password": "IIwiT2bHx9aBoBX",
        "birthdate": "1969-12-30T17:36:33.256Z",
        "registeredAt": "2022-10-29T18:31:54.330Z"
    },
    {
        "uuid": "0f5e5d56-deb6-46e5-945a-ceb6676dc15b",
        "nickname": "Ford_Mills36",
        "email": "Vernon70@hotmail.com",
        "avatar": "https://cloudflare-ipfs.com/ipfs/Qmd3W5DuhgHirLHGVixi6V76LhCkZUz6pnFt5AJBiyvHye/avatar/976.jpg",
        "password": "zeSvGRkcw0AnDde",
        "birthdate": "2002-12-14T09:22:29.092Z",
        "registeredAt": "2023-02-02T19:42:55.469Z"
    },
    {
        "uuid": "aa412677-5244-4c62-9588-69e891f7207e",
        "nickname": "Eleazar10",
        "email": "Duncan_Wilkinson22@yahoo.com",
        "avatar": "https://cloudflare-ipfs.com/ipfs/Qmd3W5DuhgHirLHGVixi6V76LhCkZUz6pnFt5AJBiyvHye/avatar/1069.jpg",
        "password": "qQQ1PS0mKa5bAz6",
        "birthdate": "1952-05-24T16:17:42.219Z",
        "registeredAt": "2022-08-02T16:39:42.164Z"
    },
    {
        "uuid": "fb07d71e-c47b-46c9-94fa-8666de52e92c",
        "nickname": "Alejandrin.Miller63",
        "email": "Adell.Gerhold55@hotmail.com",
        "avatar": "https://cloudflare-ipfs.com/ipfs/Qmd3W5DuhgHirLHGVixi6V76LhCkZUz6pnFt5AJBiyvHye/avatar/233.jpg",
        "password": "HDUdObOv7kTIq9r",
        "birthdate": "1961-09-27T01:29:42.049Z",
        "registeredAt": "2022-07-04T05:30:11.286Z"
    },
    {
        "uuid": "b1c90456-075e-430c-9d43-6e5be7afded6",
        "nickname": "Drake_Stiedemann95",
        "email": "Marielle_Swift17@hotmail.com",
        "avatar": "https://cloudflare-ipfs.com/ipfs/Qmd3W5DuhgHirLHGVixi6V76LhCkZUz6pnFt5AJBiyvHye/avatar/774.jpg",
        "password": "8WbzlnoGj9Twfh7",
        "birthdate": "2005-01-17T04:10:37.396Z",
        "registeredAt": "2022-10-15T05:13:28.396Z"
    },
    {
        "uuid": "03af1916-5d32-4f9a-a2ca-b50c2fbd3441",
        "nickname": "Makayla17",
        "email": "Brenda_Romaguera@hotmail.com",
        "avatar": "https://cloudflare-ipfs.com/ipfs/Qmd3W5DuhgHirLHGVixi6V76LhCkZUz6pnFt5AJBiyvHye/avatar/948.jpg",
        "password": "LbH8FFJwUWsU0hl",
        "birthdate": "1989-07-05T12:33:42.575Z",
        "registeredAt": "2022-07-30T09:51:59.575Z"
    },
    {
        "uuid": "be9463b3-1bf5-447b-856c-2b05b0e04eb9",
        "nickname": "Kathleen4",
        "email": "Lawson36@yahoo.com",
        "avatar": "https://cloudflare-ipfs.com/ipfs/Qmd3W5DuhgHirLHGVixi6V76LhCkZUz6pnFt5AJBiyvHye/avatar/818.jpg",
        "password": "jmXuHhki5Jq6DxR",
        "birthdate": "1956-05-08T04:41:09.229Z",
        "registeredAt": "2022-12-08T02:54:34.324Z"
    },
    {
        "uuid": "48f19dfb-6782-4639-866d-d96cb4a7c89c",
        "nickname": "Izaiah74",
        "email": "Jazmyne43@hotmail.com",
        "avatar": "https://cloudflare-ipfs.com/ipfs/Qmd3W5DuhgHirLHGVixi6V76LhCkZUz6pnFt5AJBiyvHye/avatar/863.jpg",
        "password": "bw6m9MyyTIcKVXp",
        "birthdate": "1970-02-24T02:00:46.998Z",
        "registeredAt": "2022-05-18T07:58:16.171Z"
    },
    {
        "uuid": "082a0710-010f-4357-8d26-c6c5d4e0e59f",
        "nickname": "Amara_Beatty1",
        "email": "Naomie_Waters64@gmail.com",
        "avatar": "https://cloudflare-ipfs.com/ipfs/Qmd3W5DuhgHirLHGVixi6V76LhCkZUz6pnFt5AJBiyvHye/avatar/811.jpg",
        "password": "OXFmfduLPoCGbpH",
        "birthdate": "1950-08-02T08:08:42.122Z",
        "registeredAt": "2022-06-27T09:08:29.791Z"
    },
    {
        "uuid": "2d2f05dd-7c9c-4d51-b446-dfafd4c946bb",
        "nickname": "Richard_Koch",
        "email": "Lemuel.Wolf52@hotmail.com",
        "avatar": "https://cloudflare-ipfs.com/ipfs/Qmd3W5DuhgHirLHGVixi6V76LhCkZUz6pnFt5AJBiyvHye/avatar/802.jpg",
        "password": "xc2aRJ2fjLUgAjV",
        "birthdate": "1964-02-06T13:01:59.166Z",
        "registeredAt": "2022-11-07T02:23:42.459Z"
    },
    {
        "uuid": "428827a7-1c0b-4f1e-9eb8-c7f65077be52",
        "nickname": "Karina.Kuvalis",
        "email": "Gilbert.Koepp36@yahoo.com",
        "avatar": "https://cloudflare-ipfs.com/ipfs/Qmd3W5DuhgHirLHGVixi6V76LhCkZUz6pnFt5AJBiyvHye/avatar/331.jpg",
        "password": "orN5EssmqUo2kFI",
        "birthdate": "1959-03-05T14:36:59.143Z",
        "registeredAt": "2022-10-14T17:02:53.266Z"
    },
    {
        "uuid": "d60c0c0d-7e4c-4a68-9f7a-82ac3ee62b5a",
        "nickname": "Lafayette_Hettinger",
        "email": "Minerva.Rowe13@gmail.com",
        "avatar": "https://cloudflare-ipfs.com/ipfs/Qmd3W5DuhgHirLHGVixi6V76LhCkZUz6pnFt5AJBiyvHye/avatar/1202.jpg",
        "password": "Ul42xH7nm8bNDDc",
        "birthdate": "1973-05-14T08:09:16.886Z",
        "registeredAt": "2022-08-14T22:12:31.743Z"
    },
    {
        "uuid": "4906b42f-7247-4b75-af19-a7344a01fc7c",
        "nickname": "Hildegard.Yundt",
        "email": "Meagan.Orn@yahoo.com",
        "avatar": "https://cloudflare-ipfs.com/ipfs/Qmd3W5DuhgHirLHGVixi6V76LhCkZUz6pnFt5AJBiyvHye/avatar/111.jpg",
        "password": "vTCsB80MPZqYA3y",
        "birthdate": "1957-06-28T03:36:48.199Z",
        "registeredAt": "2022-05-11T04:16:23.220Z"
    },
    {
        "uuid": "4ed1dd12-071a-450e-bfd7-cbd42f3a50a6",
        "nickname": "Murl_Goyette",
        "email": "Colin.Schultz22@hotmail.com",
        "avatar": "https://cloudflare-ipfs.com/ipfs/Qmd3W5DuhgHirLHGVixi6V76LhCkZUz6pnFt5AJBiyvHye/avatar/25.jpg",
        "password": "IUfEZdfobbv9ROy",
        "birthdate": "1995-06-04T08:15:28.783Z",
        "registeredAt": "2022-04-22T07:29:40.744Z"
    },
    {
        "uuid": "8571aecc-d394-4ee6-a31d-bb7bbe78d08a",
        "nickname": "Federico55",
        "email": "Carli_Hickle@gmail.com",
        "avatar": "https://cloudflare-ipfs.com/ipfs/Qmd3W5DuhgHirLHGVixi6V76LhCkZUz6pnFt5AJBiyvHye/avatar/1097.jpg",
        "password": "9LHYgdL2eM0NCuQ",
        "birthdate": "1953-05-06T12:31:37.586Z",
        "registeredAt": "2022-06-26T06:26:17.885Z"
    },
    {
        "uuid": "a4bb4719-83a5-49e5-bed0-aeb5de406964",
        "nickname": "Maia3",
        "email": "Kelley_Mosciski@hotmail.com",
        "avatar": "https://cloudflare-ipfs.com/ipfs/Qmd3W5DuhgHirLHGVixi6V76LhCkZUz6pnFt5AJBiyvHye/avatar/938.jpg",
        "password": "45rHTkeC96PPuW2",
        "birthdate": "1988-10-17T12:03:28.365Z",
        "registeredAt": "2022-04-12T10:48:58.923Z"
    },
    {
        "uuid": "8ac5360f-9164-4c61-9309-c70211bba2b8",
        "nickname": "Olin.Veum3",
        "email": "Sigrid.Yundt29@hotmail.com",
        "avatar": "https://cloudflare-ipfs.com/ipfs/Qmd3W5DuhgHirLHGVixi6V76LhCkZUz6pnFt5AJBiyvHye/avatar/54.jpg",
        "password": "70Nah4Sn6mP1IRS",
        "birthdate": "1958-04-13T01:01:06.154Z",
        "registeredAt": "2022-12-08T08:36:42.302Z"
    },
    {
        "uuid": "8ceac187-f304-4be8-ae23-0be3fed36614",
        "nickname": "Viviane21",
        "email": "Kareem0@hotmail.com",
        "avatar": "https://cloudflare-ipfs.com/ipfs/Qmd3W5DuhgHirLHGVixi6V76LhCkZUz6pnFt5AJBiyvHye/avatar/243.jpg",
        "password": "KrACHpIkVUzzVzo",
        "birthdate": "1968-04-10T04:47:32.494Z",
        "registeredAt": "2022-05-04T10:26:50.808Z"
    },
    {
        "uuid": "0b8bb835-b272-4800-968c-02a3c812c778",
        "nickname": "Rosina.Watsica50",
        "email": "Adriana_Grimes35@gmail.com",
        "avatar": "https://cloudflare-ipfs.com/ipfs/Qmd3W5DuhgHirLHGVixi6V76LhCkZUz6pnFt5AJBiyvHye/avatar/718.jpg",
        "password": "jRov5_m1_Q5uvv4",
        "birthdate": "1995-01-25T13:45:37.611Z",
        "registeredAt": "2022-05-25T16:17:17.107Z"
    },
    {
        "uuid": "0e1c2c2a-faad-44b2-abab-5fd6d27de368",
        "nickname": "Anjali41",
        "email": "Tate38@gmail.com",
        "avatar": "https://cloudflare-ipfs.com/ipfs/Qmd3W5DuhgHirLHGVixi6V76LhCkZUz6pnFt5AJBiyvHye/avatar/1035.jpg",
        "password": "ekVKXTbga1ZQblq",
        "birthdate": "1992-02-15T02:33:42.350Z",
        "registeredAt": "2023-03-05T03:56:45.328Z"
    },
    {
        "uuid": "c564e21c-849b-4dc4-bf20-2fc5795b6697",
        "nickname": "Adela.Mante",
        "email": "Lauretta.Kemmer24@gmail.com",
        "avatar": "https://cloudflare-ipfs.com/ipfs/Qmd3W5DuhgHirLHGVixi6V76LhCkZUz6pnFt5AJBiyvHye/avatar/117.jpg",
        "password": "4yYP5MbzRiRu2bP",
        "birthdate": "1953-07-02T01:27:57.256Z",
        "registeredAt": "2022-05-29T16:20:24.994Z"
    },
    {
        "uuid": "cb8f8303-5043-4e3f-8054-b08341811f2e",
        "nickname": "Isabella.Mueller",
        "email": "Dexter_Abshire@yahoo.com",
        "avatar": "https://cloudflare-ipfs.com/ipfs/Qmd3W5DuhgHirLHGVixi6V76LhCkZUz6pnFt5AJBiyvHye/avatar/480.jpg",
        "password": "teKJN6J_CGfOSso",
        "birthdate": "1970-09-07T15:28:55.307Z",
        "registeredAt": "2022-04-03T14:10:21.323Z"
    },
    {
        "uuid": "66dd9895-08b2-421f-88e2-79f207eaa89b",
        "nickname": "Telly.Schuster",
        "email": "Larue_Gibson10@gmail.com",
        "avatar": "https://cloudflare-ipfs.com/ipfs/Qmd3W5DuhgHirLHGVixi6V76LhCkZUz6pnFt5AJBiyvHye/avatar/697.jpg",
        "password": "i0FtPrlFlVeTi5b",
        "birthdate": "1975-10-18T08:52:41.831Z",
        "registeredAt": "2022-07-10T17:22:13.791Z"
    },
    {
        "uuid": "bb940d11-5664-4493-8f88-3148ec6006a9",
        "nickname": "Ricardo_Roberts",
        "email": "Bertrand_Beer@yahoo.com",
        "avatar": "https://cloudflare-ipfs.com/ipfs/Qmd3W5DuhgHirLHGVixi6V76LhCkZUz6pnFt5AJBiyvHye/avatar/1092.jpg",
        "password": "ifZIJxLfVMkVcc8",
        "birthdate": "1985-03-04T12:39:41.607Z",
        "registeredAt": "2022-07-27T20:15:22.078Z"
    },
    {
        "uuid": "338244e7-29ca-4ea2-9133-9ce3da910342",
        "nickname": "Shemar_Kuhlman",
        "email": "Alessandra22@gmail.com",
        "avatar": "https://cloudflare-ipfs.com/ipfs/Qmd3W5DuhgHirLHGVixi6V76LhCkZUz6pnFt5AJBiyvHye/avatar/208.jpg",
        "password": "6q0VzSS00oLuNB5",
        "birthdate": "1966-07-13T05:57:51.823Z",
        "registeredAt": "2022-08-18T19:41:00.810Z"
    },
    {
        "uuid": "bf66b9b3-1a4f-42dc-a3cd-5edb81f07f23",
        "nickname": "Kaela.Treutel",
        "email": "Angel68@hotmail.com",
        "avatar": "https://cloudflare-ipfs.com/ipfs/Qmd3W5DuhgHirLHGVixi6V76LhCkZUz6pnFt5AJBiyvHye/avatar/818.jpg",
        "password": "rZYhaPWWsgpXsLf",
        "birthdate": "1958-09-10T16:54:05.733Z",
        "registeredAt": "2022-11-04T11:22:02.854Z"
    },
    {
        "uuid": "36e324d4-c803-4dd8-9649-8ffcd75b863e",
        "nickname": "Arnold43",
        "email": "Darby65@gmail.com",
        "avatar": "https://cloudflare-ipfs.com/ipfs/Qmd3W5DuhgHirLHGVixi6V76LhCkZUz6pnFt5AJBiyvHye/avatar/309.jpg",
        "password": "1MBvS4L3AkG65kO",
        "birthdate": "2004-06-08T09:26:10.265Z",
        "registeredAt": "2022-11-18T04:11:10.379Z"
    },
    {
        "uuid": "35b987fb-9914-4081-866e-08fe61dca2b5",
        "nickname": "Raegan79",
        "email": "Justus54@hotmail.com",
        "avatar": "https://cloudflare-ipfs.com/ipfs/Qmd3W5DuhgHirLHGVixi6V76LhCkZUz6pnFt5AJBiyvHye/avatar/354.jpg",
        "password": "5YMrojMDIwwQTPJ",
        "birthdate": "1995-09-15T10:15:34.205Z",
        "registeredAt": "2022-07-22T15:04:17.039Z"
    }
]